Tranen bei Melissa: Verlasst sie Dennis? | Love Island - Staffel 3,uBzRhnnBBM,12043,312,11,33,0
LITTLE BIG - HATEFUL LOVE,6od76UNHt-M,44139826,510394,112398,51733,0
LOVE AFTER LOVE - Trailer,I0suV7YsoBg,871,2,0,0,0
 I LOVE YOU BETH COOPER (2009) | Full Movie Trailer in HD | 1080p,3P-xKFIsSw8,4559940,17995,1484,175,0
Endless Love Official Trailer #1 (2014) - Alex Pettyfer Drama HD,TRXGch6675Q,19853120,53667,2265,2980,0
SZA - Love Galore (Official Music Video) ft. Travis Scott,hHXfCOjb3fk,77090037,723790,31558,23261,0
"Gianluca Vacchi, Sebastian Yatra - LOVE",uVQlZR-NNqM,119258223,497734,22142,21857,0
Love You Two: Disaster sa kasal | Episode 104 (Finale),muIOc130cTU,27890,339,18,51,0
"Weekend Love Full Movie || Adith, Supriya Sailaja, Srihari",TO_-EHd51EI,880435,2132,459,157,0
Temperatures Skyrocket As The Girls Get Pulses Rising | Love Island 2019,vACZmQckd2U,3486105,0,0,0,0
Love song,5xx9gTEQaiQ,822528,25241,166,790,0
Lady Gaga - LoveGame (Official Music Video),1mB0tP1I-14,166506063,487283,28632,61051,0
Loving Official Trailer 1 (2016) - Joel Edgerton Movie,zRXuCY7tRgk,3326162,26600,868,2425,0
"Libra, Love Returns[?]Sept 16-30",9c8RmSAloUQ,1278,155,4,5,0
THOR 4 LOVE AND THUNDER (2020) Trailer Teaser Concept,lOEBh8x_dJg,212228,1387,1454,156,0
Modern Love - Official Trailer | Prime Video,650Mt63HIBU,2642007,4503,152,210,0
Luther Vandross - Endless Love ft. Mariah Carey (Official Video),Nu9RVPTpDyA,69921567,294250,13289,13896,0
Zac Brown Band - Leaving Love Behind (OFFICIAL MUSIC VIDEO),rb4WA_fUtY0,105011,2994,88,150,0
Queen - Love of My Life,v3xwCkhmies,91999793,498032,10929,24085,0
Rihanna - We Found Love ft. Calvin Harris,tg00YEETFzg,867584073,2917601,159646,192048,0
Lukas Graham - Love Someone [OFFICIAL MUSIC VIDEO],dN44xpHjNxE,211685193,1174627,29379,18377,0
Err:507,xOAaBsPaPpY,1721296,13712,481,1179,0
"Zayn, Kygo - Love (New Song)",laaRkjtPaek,22386018,129822,3598,1100,0
Leona Lewis - Bleeding Love (Official Video),7_weSk0BonM,180203861,486286,12413,15112,0
Sigma - Nobody To Love (Official Video) HD,KD5fLb-WgBU,255423725,763089,31301,15446,0
"Ariana Grande, The Weeknd - Love Me Harder",g5qU7p7yOY8,621073614,3162708,147886,145695,0
Libra Weekly love Reading ,A4lUv4gEYSo,2464,347,5,8,0
OneRepublic - Somebody To Love (Live from Red Rocks),Dmn7tTaNM-I,412422,23102,167,1157,0
rakhmdaicch Endless Love | EP.6 [1/5],LxbcVVpCKNw,34198,493,19,45,0
Unknown Mortal Orchestra - Multi-Love (Official Music Video),bEtDVy55shI,7298674,74686,1476,1401,0
"Kygo, Whitney Houston - Higher Love (Audio)",dTYOkcRH220,24666811,216535,6380,7860,0
WHAT IS LOVE - Trailer | Ab 30.3.2012 im Kino,qBL2TD0eDSI,13220,15,1,0,0
"[MV] rin (Lyn), hanhae (HanHae) - LOVE (Are You Human? OST Part.2) neodo inganini? OST Part.2",Y8iv4z5wJOk,21982524,111427,2378,3054,0
Kendrick Lamar - LOVE. ft. Zacari,ox7RsX1Ee34,91006405,1348757,35496,52082,0
ART OF NOISE:  MOMENTS IN LOVE (THE ORIGINAL),ux3u31SAeEM,8990437,92144,2400,6425,0
MANGO Autumn 2019 Try On Haul! ~ Autumn Fashion Edit ~ Freddy My Love,52yI7Q0Ms8Y,77561,4522,50,318,0
